Car_ID, Year, Make, Model, Name, Email
48,2015,Acura,TLX,Hernando,honoland13@japanpost.jp
124,2015,Jeep,Wrangler,Noel,nlighterness2q@umn.edu
222,2015,Lexus,Is250,Edan,eguest47@microsoft.com
207,1993,Honda,Civic eG,Hieronymus,hchilley40@fema.gov
167,2016,Ford,Mystang,Nickolas,nnowick3d@tuttocitta.it
159,2013,Hyundai,Gen coupe,Martin,mdearl39@amazon.co.uk
20,2009,Infiniti,G37,Aldridge,alynamg@blogtalkradio.com
178,2009,Honda,Oddesy,Ambros,abowton3k@spiegel.de
30,2012,Hyundai,Celoster,Quincy,qesterbrookn@bandcamp.com
1,2012,Subaru,WRX,Palmer,ppillman2w@surveymonkey.com
51,2015,Subaru,WRX,Temple,tdillestone15@mysql.com
183,2005,Volkswagen,Jetta,Zachery,zoller3p@paypal.com
177,2005,Volkswagen,Jetta gli,Rupert,rthorne3j@buzzfeed.com
5,2003,Acura,Rsx,Sayers,ssheather2@fc2.com
218,2010,Chevy,Camaro,Horst,hsolomon44@opensource.org
39,2011,Honda,Civic,Muffin,mjehanw@so-net.ne.jp
68,2013,Nissan,Altima,Scot,shallagan1h@yandex.ru
10,2001,Nissan,S15,Harcourt,hkeele7@spiegel.de
67,2015,Subaru,Sti,Wilbur,wgloucester1g@phpbb.com
43,2011,Toyota,4 Runner,Georgi,ghickinbottomz@usda.gov
170,2014,Chevy,Cruze,Osborn,obenstead3e@psu.edu
216,2007,Chrystler,300,Asher,aamor43@miibeian.gov.cn
99,2014,Honda,Civic si,Clyde,cvaux25@facebook.com
89,2014,Honda,Civic si,Nealon,ntruggian1x@bandcamp.com
95,2004,Infiniti,G35,Norry,nbatstone22@yellowbook.com
228,2010,Nissan,370,Baillie,bbach4a@hugedomains.com
7,2014,Nissan,Sentra,Alix,aleadstone4@smugmug.com
14,1990,Nissan,Skyline,Hugibert,hscandricka@timesonline.co.uk
8,1991,Nissan,Skyline,Sigfried,sdeesly5@storify.com
145,1990,Volkswagen,Gti,Reade,radriano33@imageshack.us
102,2015,Honda,Accord,Correy,cbulward28@google.co.jp
36,2016,Subaru,WRX,Ozzy,ogaraghans@huffingtonpost.com
189,2012,Toyota,Fj cruiser,Derry,dmawman3v@pagesperso-orange.fr
111,2007,Bmw,328i,Marlon,mbandiera2e@salon.com
140,1995,Mitsu,Evo8,Roger,rweathers2z@linkedin.com
161,2012,Nissan,370z,Sheffy,spoon3a@gizmodo.com
37,2015,Subaru,Sti,Feodor,ftinmant@sina.com.cn
243,2008,Toyota,Matrix,Sollie,sdennidge4i@gnu.org
184,2010,Volkswagen,Cc,Ernie,erugiero3q@webs.com
66,2010,Volkswagen,Gti,Teador,tbounde1f@trellian.com
101,2014,Honda,Civic,Theodore,tmogenot27@liveinternet.ru
21,2009,Subaru,WRX,Alvis,ariccellih@addthis.com
200,2016,Subaru,WRX,Rand,rquerree3z@seesaa.net
2,2016,Bmw,M2,Jordon,jmewis1@vistaprint.com
23,1998,Subaru,Legacy,Tremayne,tsewallj@joomla.org
59,2012,Volkswagen,Golf,Rolf,rbechley1a@spiegel.de
42,2001,Dodge,Viper,Rowney,rgillmory@epa.gov
83,2014,Honda,Accord,Palmer,pjacke1s@theguardian.com
16,2008,Nissan,350z,Killy,kportec@statcounter.com
181,2003,Volkswagen,Gti,Arri,ahapps3n@delicious.com
0,2015,Chevy,Camaro,Jordan,jgrene0@tinypic.com
88,2008,Honda,Accord,Karney,knann1w@newyorker.com
25,2012,Mercedes,C250,Yvor,yheinerl@altervista.org
176,2014,Mitsu,Lancer,Germaine,gleggs3i@jiathis.com
134,2013,Subaru,WRX,Cooper,cjeandel2v@thetimes.co.uk
127,2013,Acura,Tsx,Donal,dmalyan2s@bloglines.com
104,2014,Honda,Civic si,Tanner,tfero2a@wired.com
120,2014,Ford,Focus st,Elwyn,ebyram2m@digg.com
85,2017,Honda,Accord,Sholom,ssiemens1u@narod.ru
Showcar,2014,Nissan,Gtr,Tally,trobjents4l@g.co
108,2013,Audi,S4,Abdul,amelato2c@google.cn
98,2012,Mercedes,C63,Englebert,eguild24@istockphoto.com
130,2016,Honda,Civic si,Denys,dwatmough2u@oaic.gov.au
12,1990,Nissan,240,Klemens,kbocken9@bing.com
232,2018,Subaru,WRX,Marmaduke,mblazewicz4c@w3.org
Vip,2008,Volkswagen,Gli,Salomon,salliker4m@nsw.gov.au
96,2017,Volkswagen,Gti,Wynn,wdigweed23@about.me
15,2014,Audi,S4,Blane,bspinnaceb@homestead.com
65,2009,Honda,Fit,Trumaine,telfe1e@tripod.com
92,2017,Hyundai,Elantra sport,Myles,mjancy1z@privacy.gov.au
179,2004,Volkswagen,R32,Ashlin,aspink3l@yolasite.com
63,2010,Honda,Civic,Cris,craleston1c@blogtalkradio.com
35,2016,Honda,Civic,Gerhardt,ggentricr@prweb.com
79,1993,Mazda,Miata,Rustin,rleheude1q@ted.com
4341,1992,Nissan,Rps13,Ronald,rfrier4k@jalbum.net
156,2014,Volkswagen,Gli,Jamison,jbrockton37@moonfruit.com
220,2004,Audi,A4,Vladimir,vbloom46@businessinsider.com
44,2018,Honda,Civic si,Elisha,eclaffey10@meetup.com
19,2001,Mitsu,Evo7,Jae,jloveredgef@berkeley.edu
123,2006,Lexus,Sc430,Patrizius,pvidgen2p@ca.gov
57,2015,Scion,Frs,Arman,amabey19@tumblr.com
230,2004,Acura,Tsx,Cullen,croscrigg4b@clickbank.net
33,2015,Subaru,Sti,Gideon,gsemmensp@google.co.uk
75,2012,Subaru,WRX,Redford,rmoyser1n@github.io
175,2006,Honda,Civic,Taber,tmilhench3h@admin.ch
115,2001,Honda,Crv,Udale,uwilkie2j@soup.io
153,2017,Subaru,Brz,Nick,ntytcomb35@cmu.edu
76,2005,Subaru,Sti,Roi,rbuckthorp1o@wiley.com
56,2009,Volkswagen,Jetta,Haily,hcollings18@sina.com.cn
50,2015,Acura,TLX,Homerus,hkamienski2i@howstuffworks.com
163,2013,Mitsu,Ralliart,Shepherd,sdundin3c@engadget.com
53,2013,Subaru,WRX,Pembroke,ptreuge17@over-blog.com
241,2007,Toyota,Camry,Hastings,haronov4g@cyberchimps.com
114,2010,Volkswagen,Gti,Roderick,rfarrell2h@boston.com
41,2012,Acura,Tsx,Barbabas,bmcconnalx@phoca.cz
116,2008,Audi,A4,Obidiah,owarrender2k@yahoo.com
137,2017,Ford,Focus rs,Tristam,tchapellow2x@addtoany.com
212,2001,Lexus,Is300,Dav,dbummfrey42@miibeian.gov.cn
52,2007,Mazda,Speed 3,Ber,bdawltrey16@i2i.jp
93,2005,Acura,TL,Cesaro,ckovnot20@tamu.edu
226,2008,Honda,Accord,Koenraad,kkliner49@xrea.com
22,2007,Honda,Civic,Lowe,lgarstangi@angelfire.com
70,2014,Honda,Civic,Paul,pdeetlefs1j@youtu.be
128,2010,Infiniti,G37,Martin,mbariball2t@slate.com
40,2007,Subaru,Legacy,Aksel,aeaster3u@reuters.com
238,1982,Volkswagen,Rabbit,Renaud,rklimkin4f@t-online.de
31,2007,Honda,Fit,Jereme,jaaronsono@ezinearticles.com
71,2008,Acura,TL,Osborn,obennis1k@opensource.org
18,2015,Audi,S3,Greg,gbellwoode@chicagotribune.com
38,2017,Hyundai,Elantra sport,Mill,mvandermarkv@icq.com
46,2008,Volkswagen,R32,Early,egoley12@twitter.com
49,1997,Acura,Integra,Ted,tdrabble14@tripod.com
28,1995,Bmw,318xi,Iggie,imccream@51.la
219,2016,Ford,Focus rs,Spenser,sgaddesby45@xing.com
185,2013,Volkswagen,Jett,Taddeusz,tsandeman3r@wp.com
162,2014,Nissan,370z,Baudoin,bpeaple3b@irs.gov
180,2011,Volkswagen,Gti,Jeromy,jlewington3m@psu.edu
103,2010,Acura,Tsx,Beaufort,benric29@cornell.edu
197,2010,Audi,A4,Enrico,ewinship3y@tripod.com
74,2015,Honda,Accord,Bartholomeo,bholwell1m@hhs.gov
150,2006,Nissan,350z,Bar,brappaport34@purevolume.com
78,2015,Mazda,6,Nollie,nlidbetter1p@artisteer.com
141,1993,Mazda,Miata,Diego,dgude30@psu.edu
17,2016,Mercedes,C43,Gustavo,gdongated@ca.gov
187,2007,Subaru,Legacy,Griffith,gelham3t@illinois.edu
69,2018,Subaru,WRX,Amory,abroske1i@macromedia.com
100,2006,Volvo,S60r,Elwin,eambrosoli26@noaa.gov
112,2008,Acura,TL,Web,wdymocke2f@artisteer.com
172,2014,Bmw,4,Aurthur,abeeres3f@apache.org
91,2010,Mitsu,Lancer,Coop,cbragginton1y@house.gov
158,2007,Nissan,350z,Wally,wgascard38@issuu.com
182,2012,Volkswagen,Cc,Darcy,djakoubec3o@aboutads.info
225,2016,Acura,TLX,Abbey,afeldharker48@whitehouse.gov
81,2016,Volkswagen,GTI,Ware,wdreher1r@bloomberg.com
6,2016,Volkswagen,Golf r,Hamil,hferrer3@prlog.org
121,2012,Acura,TL,Hunt,hthacke2n@yellowbook.com
211,2004,Acura,Tsx,Ellswerth,ewinston41@ft.com
186,2012,Volkswagen,Gli,Uriah,udunseath3s@jiathis.com
4,2007,Honda,Civic,Evan,ewrinch1b@cloudflare.com
72,2016,Honda,Civic si,Ken,kromaine1l@bandcamp.com
45,2006,Acura,TL,Kylie,kduggon11@reddit.com
1051,2006,Acura,Tsx,Eli,ecoultous4j@mayoclinic.com
84,2012,Mercedes,Cl63amg,Orton,okerwood1t@ebay.co.uk
118,1993,Honda,Civic,Ginger,gcrichmere2l@vistaprint.com
174,2006,Acura,Rsx,Teodor,tpinnijar3g@walmart.com
138,1990,Mazda,Miata,Andras,amitton2y@stanford.edu
242,2014,Nissan,Maxima,Tris,ttoulmin4h@usda.gov
3,2011,Nissan,370,Barbabas,bpengelly36@ca.gov
193,2014,Nissan,Ssntra,Napoleon,nmarkey3x@taobao.com
94,2004,Volkswagen,Gti,Estevan,easling21@sina.com.cn
11,1991,Nissan,Skyline,Korey,kpeet8@fastcompany.com
86,1996,Volkswagen,Jetta,Hebert,hdrennan1v@hatena.ne.jp
9,1996,Nissan,240,Pierson,ppaffot6@mysql.com
142,1993,Toyota,Supra,Giorgio,gficken31@jugem.jp
126,2010,Volkswagen,Eos,Stern,sdaglish2r@timesonline.co.uk
144,2016,Volkswagen,Gti,Davidde,dmattimoe32@techcrunch.com
110,2011,Toyota,Camry,Ugo,ugozzard2d@spiegel.de
34,2010,Honda,Fit,Sutherland,skenewellq@chronoengine.com
190,1995,Lexus,Sc300,Parker,pjanse3w@mozilla.org
235,2013,Scion,Frs,Huntley,hlanchbury4d@friendfeed.com
24,2013,Subaru,BRZ,Sauveur,swyerk@creativecommons.org
64,2004,Subaru,Forester,Carver,cspeechley1d@naver.com
122,2011,Infiniti,M37s,Terrence,tgoutcher2o@liveinternet.ru
106,2007,Acura,Tl type s,Ignazio,imeeron2b@buzzfeed.com
113,2012,Acura,Tsx sportwagon,Marcel,meilert2g@people.com.cn
13,2016,Honda,Civic 1.5t,Robbert,rguitonneauu@goo.gl
237,1987,Volkswagen,Jetta,Padraic,proles4e@lycos.com
