1,Car_ID," Year"," Make"," Model"
105,128,2010,Infiniti,G37
3,124,2015,Jeep,Wrangler
69,15,2014,Audi,S4
166,113,2012,Acura,"Tsx sportwagon"
49,83,2014,Honda,Accord
129,112,2008,Acura,TL
70,65,2009,Honda,Fit
91,50,2015,Acura,TLX
108,31,2007,Honda,Fit
131,91,2010,Mitsu,Lancer
23,216,2007,Chrystler,300
27,228,2010,Nissan,370
86,175,2006,Honda,Civic
156,126,2010,Volkswagen,Eos
167,13,2016,Honda,"Civic 1.5t"
57,127,2013,Acura,Tsx
73,63,2010,Honda,Civic
37,161,2012,Nissan,370z
149,3,2011,Nissan,370
118,180,2011,Volkswagen,Gti
82,57,2015,Scion,Frs
54,25,2012,Mercedes,C250
165,106,2007,Acura,"Tl type s"
33,36,2016,Subaru,WRX
9,178,2009,Honda,Oddesy
17,39,2011,Honda,Civic
119,103,2010,Acura,Tsx
144,84,2012,Mercedes,Cl63amg
84,33,2015,Subaru,Sti
10,30,2012,Hyundai,Celoster
81,123,2006,Lexus,Sc430
143,1051,2006,Acura,Tsx
16,218,2010,Chevy,Camaro
96,41,2012,Acura,Tsx
132,158,2007,Nissan,350z
2,48,2015,Acura,TLX
43,21,2009,Subaru,WRX
46,23,1998,Subaru,Legacy
65,12,1990,Nissan,240
111,38,2017,Hyundai,"Elantra sport"
74,35,2016,Honda,Civic
93,53,2013,Subaru,WRX
155,142,1993,Toyota,Supra
158,110,2011,Toyota,Camry
77,156,2014,Volkswagen,Gli
87,115,2001,Honda,Crv
21,43,2011,Toyota,"4 Runner"
38,37,2015,Subaru,Sti
98,137,2017,Ford,"Focus rs"
136,6,2016,Volkswagen,"Golf r"
56,134,2013,Subaru,WRX
134,225,2016,Acura,TLX
12,51,2015,Subaru,WRX
15,5,2003,Acura,Rsx
22,170,2014,Chevy,Cruze
34,189,2012,Toyota,"Fj cruiser"
53,88,2008,Honda,Accord
58,104,2014,Honda,"Civic si"
100,52,2007,Mazda,"Speed 3"
138,211,2004,Acura,Tsx
66,232,2018,Subaru,WRX
30,8,1991,Nissan,Skyline
36,140,1995,Mitsu,Evo8
61,Showcar,2014,Nissan,Gtr
137,121,2012,Acura,TL
145,118,1993,Honda,Civic
154,9,1996,Nissan,240
164,122,2011,Infiniti,M37s
60,85,2017,Honda,Accord
88,153,2017,Subaru,Brz
90,56,2009,Volkswagen,Jetta
113,49,1997,Acura,Integra
142,45,2006,Acura,TL
4,222,2015,Lexus,Is250
5,207,1993,Honda,"Civic eG"
55,176,2014,Mitsu,Lancer
79,44,2018,Honda,"Civic si"
80,19,2001,Mitsu,Evo7
8,20,2009,Infiniti,G37
24,99,2014,Honda,"Civic si"
31,145,1990,Volkswagen,Gti
72,179,2004,Volkswagen,R32
110,18,2015,Audi,S3
44,200,2016,Subaru,WRX
117,162,2014,Nissan,370z
123,78,2015,Mazda,6
19,10,2001,Nissan,S15
125,17,2016,Mercedes,C43
76,4341,1992,Nissan,Rps13
112,46,2008,Volkswagen,R32
162,24,2013,Subaru,BRZ
28,7,2014,Nissan,Sentra
51,181,2003,Volkswagen,Gti
59,120,2014,Ford,"Focus st"
71,92,2017,Hyundai,"Elantra sport"
152,11,1991,Nissan,Skyline
47,59,2012,Volkswagen,Golf
97,116,2008,Audi,A4
107,238,1982,Volkswagen,Rabbit
157,144,2016,Volkswagen,Gti
29,14,1990,Nissan,Skyline
63,98,2012,Mercedes,C63
95,114,2010,Volkswagen,Gti
115,219,2016,Ford,"Focus rs"
124,141,1993,Mazda,Miata
126,187,2007,Subaru,Legacy
148,242,2014,Nissan,Maxima
45,2,2016,Bmw,M2
64,130,2016,Honda,"Civic si"
94,241,2007,Toyota,Camry
103,22,2007,Honda,Civic
135,81,2016,Volkswagen,GTI
92,163,2013,Mitsu,Ralliart
101,93,2005,Acura,TL
122,150,2006,Nissan,350z
128,100,2006,Volvo,S60r
130,172,2014,Bmw,4
6,167,2016,Ford,Mystang
83,230,2004,Acura,Tsx
133,182,2012,Volkswagen,Cc
161,235,2013,Scion,Frs
75,79,1993,Mazda,Miata
102,226,2008,Honda,Accord
159,34,2010,Honda,Fit
13,183,2005,Volkswagen,Jetta
25,89,2014,Honda,"Civic si"
67,Vip,2008,Volkswagen,Gli
7,159,2013,Hyundai,"Gen coupe"
20,67,2015,Subaru,Sti
62,108,2013,Audi,S4
78,220,2004,Audi,A4
139,186,2012,Volkswagen,Gli
140,4,2007,Honda,Civic
150,193,2014,Nissan,Ssntra
14,177,2005,Volkswagen,"Jetta gli"
26,95,2004,Infiniti,G35
89,76,2005,Subaru,Sti
18,68,2013,Nissan,Altima
32,102,2015,Honda,Accord
35,111,2007,Bmw,328i
39,243,2008,Toyota,Matrix
50,16,2008,Nissan,350z
68,96,2017,Volkswagen,Gti
147,138,1990,Mazda,Miata
151,94,2004,Volkswagen,Gti
160,190,1995,Lexus,Sc300
168,237,1987,Volkswagen,Jetta
40,184,2010,Volkswagen,Cc
48,42,2001,Dodge,Viper
114,28,1995,Bmw,318xi
116,185,2013,Volkswagen,Jett
121,74,2015,Honda,Accord
127,69,2018,Subaru,WRX
153,86,1996,Volkswagen,Jetta
11,1,2012,Subaru,WRX
85,75,2012,Subaru,WRX
99,212,2001,Lexus,Is300
106,40,2007,Subaru,Legacy
109,71,2008,Acura,TL
163,64,2004,Subaru,Forester
41,66,2010,Volkswagen,Gti
141,72,2016,Honda,"Civic si"
146,174,2006,Acura,Rsx
120,197,2010,Audi,A4
42,101,2014,Honda,Civic
52,0,2015,Chevy,Camaro
104,70,2014,Honda,Civic
